{
  "totalItems": 3,
  "from": 0,
  "to": 3,
  "items": [
    {
      "scid": "1e4290be1bd8b03fe5a01a925d32c459fdb29483efcbf93034e4097520e3bd72",
      "balance": 19.65260000,
      "epoch": 2,
      "endEpochHeight": 437,
      "state": "ALIVE",
      "ceasingHeight": 434,
      "creatingTxHash": "b67e87c248e70e90080c686eb824edf0fa60b8e1113f93b871945df143bb5fec",
      "createdAtBlockHeight": 423,
      "lastCertificateEpoch": 0,
      "lastCertificateHash": "b5bbfc5fd2080f23a972fd1f9b13d4c29f48f33befd1026f4c04c3400bfd2a04",
      "lastCertificateQuality": 72,
      "lastCertificateAmount": 0.35000000,
      "activeFtScFee": 0.00500000,
      "activeMbtrScFee": 0.00600000,
      "mbtrRequestDataLength": 1,
      "withdrawalEpochLength": 5,
      "certSubmissionWindowLength": 2,
      "certProvingSystem": "CoboundaryMarlin",
      "wCertVk": "02f4030000000000000400000000000000f803000000000000f0070000000000000c000000000000000419c4def8334ca0bfcc066ceb2e76d4ac4d2b68df121542ac8dc9f6b3226da73f0015f56f7a5d10c624b6e4443aea7af4a96d2cba880a36cddbdf4d48caae2f4a1f0051988a0d690e664f6ea5335548061323cbc339eb3116e0cfa485643326bee22580ffa3ea9e503d6743fa49a159a996069aaec303dfc4adf614cd9d24ac7beae822000004eedf3849c0f7d4d29f8122628869b83d603cf9183d5ab2ed996dd8e145bc2331009f885f810251543c7a1de68337880ec9834af3d5ee4a817653a0bd2a4ee2771700ba1b4e2ac203fc2745e4aa9e75b2fe00a3daeb6f6aa0fcd0bd0e4f3ade50133e807c1d6d2f387bba355b93f7ec0d791db723f313ad9d8f81ecf7abfbf5dee2350a80000430a386c7bf27511c7d3552a3dd196af76523d78481d9e6b6352cfd57f3123b0600232fd8dbb558cdd040f965a1a66b722c7b91c1c70501fa2612bc234e6c0e1607806d1ac8202b4a0b5640e7b21cd9fdd078c5958a551888b65a662eca7d2927a22680bcd13dc2e56a45b8c5f7603b32c1f9bfce5439af79cfb266981105496185bd2a00000471db43d610e452e30715097e46744f849aafc05fd2f5fbce626b43ade2d7b92e80c3ffb8cee390824d9f2bb86969eab34c9a5db8690856c05acb26e88ef5c07c2280b259839fcfda51c0388ecda01ee79e5dc033f0f71b6d0ea689550374dbcd6a2c8049416896cdef7a0bee21c2a6f74dbbd5d09bb7a0b1dae3d4202bbe3ac104630d8000047b30fac87cb0b747518e3eaa24c6eed14fdcb6f16afc8a87f0b07057de946728001b4aebf9ab893a116d05f0bd8e6998194824b712fe1a9b40cd9e4c9a886ae01a00aad3de256efa611e23a01779ca9d9f3b9928d30f8b9f9ec826dedb7f563b122c80056725eb3021c01b8c47ad56f9002707bc1c63de8797cde75f2428e19bcc8e1a0000042cdbe9dd755dea865b63ea4f1d0e5d40ac604e39d1a058c79d0d71768278fd3f8053da7eb43394d437a2f32e9999de9e3a8cd60f126a21297e6880163b076b8e36003fb5cd9b7210ff5f81ed2544d059f49af6c240b394d6e9d9d0b3fdb67cce9f25801e4b26fcd03e47665b39ba3f1df81a2732516b5caefea9b4be08ed306633e013000004e8fca4a93de7fb2a4b5d5c34e97873e8e4e0cd665c20c0949ccf64eeb2d57b02002d30e4e61d49864edb562fb2e91e6f1b1afcce8dc294a5ec44b7e7e31b9ddc0c8046c2630557d073970a6f3e46dc2bd322d338c6230ae9250bdeec4f14f122033300af557809b1eede7dc0c9e549cbac53a3382508435d1761b7f2ebce8087fcaf178000047659e957f5cfa703f4803b0fd5e4e4c1b4f0957cd145c1873f1c43d46ac5052e805ad21f40c2d12f35045d161fded17f1b1e8f819d5f899bd41a43b315b8950b1900518da1faee6fa395e5d475368bb16f85dfbac0ee871f7f8a38cedbb6efbb7828002b36a5b0c7390925c6873fb5f20a5b448d5316d3b8434241294f7d8fdb1bda2e000004e5e13acc79cf1a070e540e104ca4ab9d462130ade66be1cb0057cc4c1d62813d008ccbc1283b6192cb24cfca0f53994be9f689cea245c58108f05d37172fda5b258066ab55fa4f282c05f23c7eec77bc138279b8861e20bed4cb677f253c52172617808ccbc1283b6192cb24cfca0f53994be9f689cea245c58108f05d37172fda5b25000004ccd246b4124803156fe11e3b67330526f778b661db975f5bcd795a406cdd2c1680cb29f7daefe917cf8ff2fd60b72ae5aa294d11cfda1118682c2eabed1476fa1a808ac813211d37f8d161319871ed1455e7a507b78e08220f975f6e8278009d1d36009d3ee89e49081b598288d6f29c01ae7ba14e56146746cde0c589e8dc88073c27800004ec82830771729d24098ca6bfcefdb93e5274ec186822a9ee0c18cde29c581c3e00869733736a71cde3a83f31cc8534d78ee89ea00b04ba45290e0726fa39d455078013f062382f89056b0fec757152f25e4cae7685f9cc076e508213d944b8dc233b000859239a5367dcaf864d66ab8bb172c7f1dc76b1b542074e2dd1b56bb737e70e000004f0dcc84e9fe67571c52637741177990208fd217f37e92f5a91d6868fff8a0d1a80c48545184663063051bb035d2e603f72e4a265fe8e5bd1e927c05a4aff80923200740f207721bd995aaa503781ca0eed1d58665ffbb571169063f89b0052beef080043007b607cbf29335b62fad4132c2f7584e6e3bbe9a938989688411e941d4b300000",
      "customData": "c0ffee",
      "constant": "6848166b1cb5f9d1ec79bbb10742295529bde512a8e3b6e356fba50331c9ae00",
      "wCeasedVk": "NOT INITIALIZED",
      "vFieldElementCertificateFieldConfig": [
        16
      ],
      "vBitVectorCertificateFieldConfig": [
      ],
      "pastFtScFee": 0.00000000,
      "pastMbtrScFee": 0.00000000,
      "lastFtScFee": 0.00500000,
      "lastMbtrScFee": 0.00600000,
      "immatureAmounts": [
      ],
      "scFees": [
        {
          "forwardTxScFee": 0.00000000,
          "mbtrTxScFee": 0.00000000
        },
        {
          "forwardTxScFee": 0.00000000,
          "mbtrTxScFee": 0.00000000
        }
      ]
    },
    {
      "scid": "033ee1246483c2eafdfcb2e7189371183b6d89a56af1e59d40dbf83eb894be75",
      "balance": 11.65250000,
      "epoch": 2,
      "endEpochHeight": 437,
      "state": "ALIVE",
      "ceasingHeight": 434,
      "creatingTxHash": "96b39f5c08e849f39d645508542da9501b041130fd437ad661f624ffcf118ac0",
      "createdAtBlockHeight": 423,
      "lastCertificateEpoch": 0,
      "lastCertificateHash": "70c8720874937d9f66fd2f1ea479e4f74b39221142f2548000af6f297a8c41c6",
      "lastCertificateQuality": 18,
      "lastCertificateAmount": 0.35000000,
      "activeFtScFee": 0.00500000,
      "activeMbtrScFee": 0.00600000,
      "mbtrRequestDataLength": 2,
      "withdrawalEpochLength": 5,
      "certSubmissionWindowLength": 2,
      "certProvingSystem": "CoboundaryMarlin",